"depth.m.","date","temperature"
2,2022-05-20,6.23
3,2022-05-20,6.16
4,2022-05-20,6.1
5,2022-05-20,6.03
6,2022-05-20,5.86
7,2022-05-20,5.4
8,2022-05-20,4.8
9,2022-05-20,4.1
10,2022-05-20,3.28
11,2022-05-20,2.96
12,2022-05-20,2.82
13,2022-05-20,2.71
14,2022-05-20,2.49
15,2022-05-20,2.23
16,2022-05-20,1.76
17,2022-05-20,1.54
18,2022-05-20,1.41
19,2022-05-20,1.31
20,2022-05-20,1.24
21,2022-05-20,1.16
22,2022-05-20,1.1
23,2022-05-20,1.01
24,2022-05-20,0.97
25,2022-05-20,0.94
26,2022-05-20,0.9
27,2022-05-20,0.88
28,2022-05-20,0.84
29,2022-05-20,0.81
30,2022-05-20,0.77
31,2022-05-20,0.68
32,2022-05-20,0.61
33,2022-05-20,0.57
34,2022-05-20,0.56
35,2022-05-20,0.48
36,2022-05-20,0.43
37,2022-05-20,0.39
38,2022-05-20,0.3
39,2022-05-20,0.15
40,2022-05-20,0.07
41,2022-05-20,-0.03
42,2022-05-20,-0.12
43,2022-05-20,-0.24
44,2022-05-20,-0.35
45,2022-05-20,-0.44
46,2022-05-20,-0.48
47,2022-05-20,-0.55
48,2022-05-20,-0.63
49,2022-05-20,-0.68
50,2022-05-20,-0.75
51,2022-05-20,-0.82
52,2022-05-20,-0.9
53,2022-05-20,-0.97
54,2022-05-20,-1.04
55,2022-05-20,-1.07
56,2022-05-20,-1.09
57,2022-05-20,-1.1
58,2022-05-20,-1.09
59,2022-05-20,-1.08
60,2022-05-20,-1.08
61,2022-05-20,-1.06
62,2022-05-20,-1.03
63,2022-05-20,-1.02
64,2022-05-20,-0.98
65,2022-05-20,-0.93
66,2022-05-20,-0.89
67,2022-05-20,-0.78
68,2022-05-20,-0.68
69,2022-05-20,-0.55
70,2022-05-20,-0.39
71,2022-05-20,-0.24
72,2022-05-20,-0.17
73,2022-05-20,0.05
74,2022-05-20,0.32
75,2022-05-20,0.44
76,2022-05-20,0.51
2,2022-05-22,6.2
3,2022-05-22,6.18
4,2022-05-22,6.15
5,2022-05-22,6.11
6,2022-05-22,6.12
7,2022-05-22,6.14
8,2022-05-22,6.14
9,2022-05-22,6.07
10,2022-05-22,6.02
11,2022-05-22,5.99
12,2022-05-22,5.26
13,2022-05-22,4.34
14,2022-05-22,3.03
15,2022-05-22,1.85
16,2022-05-22,1.43
17,2022-05-22,1.36
18,2022-05-22,1.19
19,2022-05-22,1.14
20,2022-05-22,1.01
21,2022-05-22,0.93
22,2022-05-22,0.89
23,2022-05-22,0.88
24,2022-05-22,0.82
25,2022-05-22,0.77
26,2022-05-22,0.74
27,2022-05-22,0.74
28,2022-05-22,0.73
29,2022-05-22,0.89
30,2022-05-22,0.94
31,2022-05-22,0.83
32,2022-05-22,0.52
33,2022-05-22,0.46
34,2022-05-22,0.33
35,2022-05-22,0.19
36,2022-05-22,0.21
37,2022-05-22,0.27
38,2022-05-22,0.23
39,2022-05-22,0.27
40,2022-05-22,0.25
41,2022-05-22,0
42,2022-05-22,-0.05
43,2022-05-22,-0.06
44,2022-05-22,-0.14
45,2022-05-22,-0.14
46,2022-05-22,-0.15
47,2022-05-22,-0.2
48,2022-05-22,-0.39
49,2022-05-22,-0.57
50,2022-05-22,-0.6
51,2022-05-22,-0.72
52,2022-05-22,-0.89
53,2022-05-22,-0.99
54,2022-05-22,-1.01
55,2022-05-22,-0.97
56,2022-05-22,-0.94
57,2022-05-22,-0.92
58,2022-05-22,-0.93
59,2022-05-22,-0.91
60,2022-05-22,-0.87
61,2022-05-22,-0.74
62,2022-05-22,-0.58
63,2022-05-22,-0.41
64,2022-05-22,-0.31
65,2022-05-22,-0.09
66,2022-05-22,-0.05
67,2022-05-22,-0.02
68,2022-05-22,0.04
69,2022-05-22,0.16
70,2022-05-22,0.19
71,2022-05-22,0.22
72,2022-05-22,0.25
73,2022-05-22,0.31
74,2022-05-22,0.38
75,2022-05-22,0.49
76,2022-05-22,0.54
3,2022-05-23,6.64
4,2022-05-23,6.62
5,2022-05-23,6.6
6,2022-05-23,6.57
7,2022-05-23,6.51
8,2022-05-23,5.92
9,2022-05-23,4.37
10,2022-05-23,3.4
11,2022-05-23,2.42
12,2022-05-23,1.84
13,2022-05-23,1.62
14,2022-05-23,1.64
15,2022-05-23,1.59
16,2022-05-23,1.34
17,2022-05-23,1.29
18,2022-05-23,1.22
19,2022-05-23,1.09
20,2022-05-23,1.04
21,2022-05-23,1.01
22,2022-05-23,1
23,2022-05-23,0.99
24,2022-05-23,0.94
25,2022-05-23,0.87
26,2022-05-23,0.8
27,2022-05-23,0.77
28,2022-05-23,0.7
29,2022-05-23,0.59
30,2022-05-23,0.51
31,2022-05-23,0.51
32,2022-05-23,0.57
33,2022-05-23,0.63
34,2022-05-23,0.53
35,2022-05-23,0.43
36,2022-05-23,0.34
37,2022-05-23,0.06
38,2022-05-23,0.01
39,2022-05-23,0.14
40,2022-05-23,0.15
41,2022-05-23,0.01
42,2022-05-23,0.01
43,2022-05-23,-0.03
44,2022-05-23,-0.09
45,2022-05-23,-0.28
46,2022-05-23,-0.42
47,2022-05-23,-0.51
48,2022-05-23,-0.54
49,2022-05-23,-0.65
50,2022-05-23,-0.78
51,2022-05-23,-0.87
52,2022-05-23,-0.95
53,2022-05-23,-0.98
54,2022-05-23,-0.97
55,2022-05-23,-1
56,2022-05-23,-1
57,2022-05-23,-1.1
58,2022-05-23,-1.12
59,2022-05-23,-1.12
60,2022-05-23,-1.13
61,2022-05-23,-1.14
62,2022-05-23,-1.13
63,2022-05-23,-1.09
64,2022-05-23,-0.73
65,2022-05-23,-0.36
66,2022-05-23,-0.19
67,2022-05-23,-0.12
68,2022-05-23,-0.05
69,2022-05-23,0.08
70,2022-05-23,0.27
71,2022-05-23,0.36
72,2022-05-23,0.55
73,2022-05-23,0.59
74,2022-05-23,0.61
75,2022-05-23,0.63
76,2022-05-23,0.64
2,2022-05-24,6.93
3,2022-05-24,6.91
4,2022-05-24,6.9
5,2022-05-24,6.87
6,2022-05-24,6.83
7,2022-05-24,6.78
8,2022-05-24,6.26
9,2022-05-24,5.28
10,2022-05-24,4.99
11,2022-05-24,4.52
12,2022-05-24,3.85
13,2022-05-24,3.33
14,2022-05-24,3.01
15,2022-05-24,2.86
16,2022-05-24,2.38
17,2022-05-24,2.01
18,2022-05-24,1.9
19,2022-05-24,1.84
20,2022-05-24,1.86
21,2022-05-24,1.71
22,2022-05-24,1.66
23,2022-05-24,1.62
24,2022-05-24,1.49
25,2022-05-24,1.34
26,2022-05-24,1.28
27,2022-05-24,1.15
28,2022-05-24,1.06
29,2022-05-24,1.02
30,2022-05-24,0.97
31,2022-05-24,0.92
32,2022-05-24,0.88
33,2022-05-24,0.83
34,2022-05-24,0.81
35,2022-05-24,0.78
36,2022-05-24,0.79
37,2022-05-24,0.74
38,2022-05-24,0.67
39,2022-05-24,0.63
40,2022-05-24,0.51
41,2022-05-24,0.25
42,2022-05-24,0.32
43,2022-05-24,0.3
44,2022-05-24,0.16
45,2022-05-24,0.05
46,2022-05-24,0
47,2022-05-24,-0.18
48,2022-05-24,-0.22
49,2022-05-24,-0.44
50,2022-05-24,-0.56
51,2022-05-24,-0.63
52,2022-05-24,-0.65
53,2022-05-24,-0.56
54,2022-05-24,-0.71
55,2022-05-24,-0.76
56,2022-05-24,-0.77
57,2022-05-24,-0.82
58,2022-05-24,-0.87
59,2022-05-24,-0.97
60,2022-05-24,-1.04
61,2022-05-24,-1.07
62,2022-05-24,-1.07
63,2022-05-24,-1.03
64,2022-05-24,-0.93
65,2022-05-24,-0.85
66,2022-05-24,-0.57
67,2022-05-24,-0.36
68,2022-05-24,-0.19
69,2022-05-24,0.19
70,2022-05-24,0.33
71,2022-05-24,0.47
72,2022-05-24,0.57
73,2022-05-24,0.6
74,2022-05-24,0.6
75,2022-05-24,0.62
76,2022-05-24,0.7
2,2022-05-25,7.99
3,2022-05-25,7.94
4,2022-05-25,7.74
5,2022-05-25,7.04
6,2022-05-25,6.18
7,2022-05-25,5.32
8,2022-05-25,4.7
9,2022-05-25,3.9
10,2022-05-25,3.52
11,2022-05-25,3.05
12,2022-05-25,2.68
13,2022-05-25,2.61
14,2022-05-25,2.54
15,2022-05-25,2.35
16,2022-05-25,2.15
17,2022-05-25,2
18,2022-05-25,1.87
19,2022-05-25,1.78
20,2022-05-25,1.7
21,2022-05-25,1.49
22,2022-05-25,1.39
23,2022-05-25,1.27
24,2022-05-25,1.15
25,2022-05-25,1.09
26,2022-05-25,1.06
27,2022-05-25,1.03
28,2022-05-25,0.95
29,2022-05-25,0.93
30,2022-05-25,0.89
31,2022-05-25,0.8
32,2022-05-25,0.75
33,2022-05-25,0.69
34,2022-05-25,0.68
35,2022-05-25,0.65
36,2022-05-25,0.63
37,2022-05-25,0.6
38,2022-05-25,0.56
39,2022-05-25,0.54
40,2022-05-25,0.53
41,2022-05-25,0.5
42,2022-05-25,0.32
43,2022-05-25,0.24
44,2022-05-25,0.12
45,2022-05-25,-0.02
46,2022-05-25,-0.12
47,2022-05-25,-0.16
48,2022-05-25,-0.18
49,2022-05-25,-0.12
50,2022-05-25,-0.32
51,2022-05-25,-0.39
52,2022-05-25,-0.43
53,2022-05-25,-0.56
54,2022-05-25,-0.68
55,2022-05-25,-0.79
56,2022-05-25,-0.84
57,2022-05-25,-0.92
58,2022-05-25,-1
59,2022-05-25,-1
60,2022-05-25,-0.94
61,2022-05-25,-0.85
62,2022-05-25,-0.74
63,2022-05-25,-0.57
64,2022-05-25,-0.39
65,2022-05-25,-0.24
66,2022-05-25,-0.12
67,2022-05-25,0.06
68,2022-05-25,0.19
69,2022-05-25,0.37
70,2022-05-25,0.48
71,2022-05-25,0.57
72,2022-05-25,0.64
73,2022-05-25,0.69
74,2022-05-25,0.7
75,2022-05-25,0.71
76,2022-05-25,0.73
2,2022-05-26,8.32
3,2022-05-26,7.98
4,2022-05-26,7.64
5,2022-05-26,7.25
6,2022-05-26,6.12
7,2022-05-26,4.96
8,2022-05-26,3.93
9,2022-05-26,3.23
10,2022-05-26,2.83
11,2022-05-26,2.66
12,2022-05-26,2.62
13,2022-05-26,2.57
14,2022-05-26,2.47
15,2022-05-26,2.36
16,2022-05-26,2.12
17,2022-05-26,1.84
18,2022-05-26,1.57
19,2022-05-26,1.51
20,2022-05-26,1.42
21,2022-05-26,1.28
22,2022-05-26,1.22
23,2022-05-26,1.17
24,2022-05-26,1.12
25,2022-05-26,1.07
26,2022-05-26,1.01
27,2022-05-26,0.99
28,2022-05-26,0.96
29,2022-05-26,0.93
30,2022-05-26,0.88
31,2022-05-26,0.85
32,2022-05-26,0.84
33,2022-05-26,0.81
34,2022-05-26,0.74
35,2022-05-26,0.67
36,2022-05-26,0.59
37,2022-05-26,0.56
38,2022-05-26,0.47
39,2022-05-26,0.41
40,2022-05-26,0.36
41,2022-05-26,0.27
42,2022-05-26,0.18
43,2022-05-26,0.13
44,2022-05-26,0.06
45,2022-05-26,0.01
46,2022-05-26,-0.05
47,2022-05-26,-0.08
48,2022-05-26,0.05
49,2022-05-26,0.27
50,2022-05-26,0.37
51,2022-05-26,0.25
52,2022-05-26,0.07
53,2022-05-26,-0.05
54,2022-05-26,-0.19
55,2022-05-26,-0.33
56,2022-05-26,-0.51
57,2022-05-26,-0.68
58,2022-05-26,-0.81
59,2022-05-26,-0.89
60,2022-05-26,-0.94
61,2022-05-26,-0.89
62,2022-05-26,-0.78
63,2022-05-26,-0.67
64,2022-05-26,-0.54
65,2022-05-26,-0.43
66,2022-05-26,-0.31
67,2022-05-26,-0.17
68,2022-05-26,0.11
69,2022-05-26,0.26
70,2022-05-26,0.35
71,2022-05-26,0.43
72,2022-05-26,0.51
73,2022-05-26,0.63
74,2022-05-26,0.72
75,2022-05-26,0.76
76,2022-05-26,0.79
3,2022-05-27,8.58
4,2022-05-27,8.58
5,2022-05-27,8.57
6,2022-05-27,8.48
7,2022-05-27,7.94
8,2022-05-27,7.13
9,2022-05-27,6.32
10,2022-05-27,5.55
11,2022-05-27,4.15
12,2022-05-27,3.08
13,2022-05-27,2.78
14,2022-05-27,2.66
15,2022-05-27,2.52
16,2022-05-27,2.24
17,2022-05-27,1.97
18,2022-05-27,1.71
19,2022-05-27,1.65
20,2022-05-27,1.45
21,2022-05-27,1.42
22,2022-05-27,1.24
23,2022-05-27,1.14
24,2022-05-27,1.08
25,2022-05-27,1.02
26,2022-05-27,1.03
27,2022-05-27,0.97
28,2022-05-27,0.9
29,2022-05-27,0.89
30,2022-05-27,0.88
31,2022-05-27,0.86
32,2022-05-27,0.85
33,2022-05-27,0.79
34,2022-05-27,0.72
35,2022-05-27,0.7
36,2022-05-27,0.66
37,2022-05-27,0.68
38,2022-05-27,0.56
39,2022-05-27,0.45
40,2022-05-27,0.36
41,2022-05-27,0.2
42,2022-05-27,0.05
43,2022-05-27,0
44,2022-05-27,-0.06
45,2022-05-27,-0.13
46,2022-05-27,-0.16
47,2022-05-27,-0.25
48,2022-05-27,0.06
49,2022-05-27,0.35
50,2022-05-27,0.52
51,2022-05-27,0.37
52,2022-05-27,0.5
53,2022-05-27,0.47
54,2022-05-27,0.35
55,2022-05-27,0.25
56,2022-05-27,-0.07
57,2022-05-27,-0.32
58,2022-05-27,-0.51
59,2022-05-27,-0.65
60,2022-05-27,-0.71
61,2022-05-27,-0.82
62,2022-05-27,-0.89
63,2022-05-27,-0.9
64,2022-05-27,-0.84
65,2022-05-27,-0.79
66,2022-05-27,-0.68
67,2022-05-27,-0.52
68,2022-05-27,-0.1
69,2022-05-27,0.37
70,2022-05-27,0.45
71,2022-05-27,0.48
72,2022-05-27,0.53
73,2022-05-27,0.61
74,2022-05-27,0.65
75,2022-05-27,0.7
76,2022-05-27,0.79
2,2022-05-30,9.58
3,2022-05-30,9.31
4,2022-05-30,9.16
5,2022-05-30,8.75
6,2022-05-30,8.22
7,2022-05-30,7.74
8,2022-05-30,6.9
9,2022-05-30,6.04
10,2022-05-30,5
11,2022-05-30,4.2
12,2022-05-30,3.12
13,2022-05-30,2.61
14,2022-05-30,2.28
15,2022-05-30,1.96
16,2022-05-30,1.75
17,2022-05-30,1.54
18,2022-05-30,1.43
19,2022-05-30,1.36
20,2022-05-30,1.3
21,2022-05-30,1.27
22,2022-05-30,1.19
23,2022-05-30,1.11
24,2022-05-30,1.09
25,2022-05-30,1.07
26,2022-05-30,1.03
27,2022-05-30,0.95
28,2022-05-30,0.89
29,2022-05-30,0.86
30,2022-05-30,0.77
31,2022-05-30,0.76
32,2022-05-30,0.77
33,2022-05-30,0.71
34,2022-05-30,0.63
35,2022-05-30,0.61
36,2022-05-30,0.6
37,2022-05-30,0.55
38,2022-05-30,0.43
39,2022-05-30,0.34
40,2022-05-30,0.3
41,2022-05-30,0.38
42,2022-05-30,0.48
43,2022-05-30,0.58
44,2022-05-30,0.53
45,2022-05-30,0.41
46,2022-05-30,0.31
47,2022-05-30,0.24
48,2022-05-30,0.19
49,2022-05-30,0.11
50,2022-05-30,0.06
51,2022-05-30,-0.01
52,2022-05-30,-0.25
53,2022-05-30,-0.33
54,2022-05-30,-0.39
55,2022-05-30,-0.45
56,2022-05-30,-0.52
57,2022-05-30,-0.63
58,2022-05-30,-0.69
59,2022-05-30,-0.72
60,2022-05-30,-0.73
61,2022-05-30,-0.76
62,2022-05-30,-0.77
63,2022-05-30,-0.73
64,2022-05-30,-0.71
65,2022-05-30,-0.62
66,2022-05-30,-0.49
67,2022-05-30,-0.42
68,2022-05-30,-0.34
69,2022-05-30,-0.21
70,2022-05-30,-0.07
71,2022-05-30,0.05
72,2022-05-30,0.2
73,2022-05-30,0.3
74,2022-05-30,0.36
75,2022-05-30,0.44
76,2022-05-30,0.5
77,2022-05-30,0.5
2,2022-06-03,8.14
3,2022-06-03,7.88
4,2022-06-03,7.7
5,2022-06-03,7.63
6,2022-06-03,7.6
7,2022-06-03,7.6
8,2022-06-03,7.51
9,2022-06-03,7.51
10,2022-06-03,7.56
11,2022-06-03,7.56
12,2022-06-03,7.58
13,2022-06-03,7.47
14,2022-06-03,7.46
15,2022-06-03,7.45
16,2022-06-03,7.45
17,2022-06-03,7.44
18,2022-06-03,7.43
19,2022-06-03,7.4
20,2022-06-03,7.37
21,2022-06-03,7.27
22,2022-06-03,6.86
23,2022-06-03,5.86
24,2022-06-03,5.32
25,2022-06-03,4.44
26,2022-06-03,3.67
27,2022-06-03,3.17
28,2022-06-03,2.8
29,2022-06-03,2.22
30,2022-06-03,1.85
31,2022-06-03,1.73
32,2022-06-03,1.69
33,2022-06-03,1.63
34,2022-06-03,1.51
35,2022-06-03,1.37
36,2022-06-03,1.3
37,2022-06-03,1.07
38,2022-06-03,0.93
39,2022-06-03,0.84
40,2022-06-03,0.81
41,2022-06-03,0.74
42,2022-06-03,0.68
43,2022-06-03,0.62
44,2022-06-03,0.58
45,2022-06-03,0.54
46,2022-06-03,0.45
47,2022-06-03,0.34
48,2022-06-03,0.32
49,2022-06-03,0.21
50,2022-06-03,0.14
51,2022-06-03,-0.01
52,2022-06-03,-0.13
53,2022-06-03,0
54,2022-06-03,-0.13
55,2022-06-03,-0.3
56,2022-06-03,-0.39
57,2022-06-03,-0.38
58,2022-06-03,-0.46
59,2022-06-03,-0.57
60,2022-06-03,-0.64
61,2022-06-03,-0.68
62,2022-06-03,-0.68
63,2022-06-03,-0.66
64,2022-06-03,-0.67
65,2022-06-03,-0.7
66,2022-06-03,-0.7
67,2022-06-03,-0.69
68,2022-06-03,-0.59
69,2022-06-03,-0.38
70,2022-06-03,-0.3
71,2022-06-03,-0.19
72,2022-06-03,-0.07
73,2022-06-03,0.15
74,2022-06-03,0.22
75,2022-06-03,0.24
76,2022-06-03,0.26
77,2022-06-03,0.27
2,2022-06-04,8.11
3,2022-06-04,8.01
4,2022-06-04,7.95
5,2022-06-04,7.93
6,2022-06-04,7.95
7,2022-06-04,7.85
8,2022-06-04,7.62
9,2022-06-04,7.34
10,2022-06-04,7.17
11,2022-06-04,7.13
12,2022-06-04,7.06
13,2022-06-04,7.07
14,2022-06-04,7.03
15,2022-06-04,6.98
16,2022-06-04,6.94
17,2022-06-04,6.95
18,2022-06-04,6.95
19,2022-06-04,6.91
20,2022-06-04,6.86
21,2022-06-04,6.82
22,2022-06-04,6.64
23,2022-06-04,6.31
24,2022-06-04,6.19
25,2022-06-04,5.6
26,2022-06-04,4.86
27,2022-06-04,4.3
28,2022-06-04,3.76
29,2022-06-04,3.16
30,2022-06-04,2.64
31,2022-06-04,1.99
32,2022-06-04,1.76
33,2022-06-04,1.5
34,2022-06-04,1.32
35,2022-06-04,1.23
36,2022-06-04,1.08
37,2022-06-04,0.86
38,2022-06-04,0.79
39,2022-06-04,0.76
40,2022-06-04,0.73
41,2022-06-04,0.63
42,2022-06-04,0.6
43,2022-06-04,0.52
44,2022-06-04,0.47
45,2022-06-04,0.43
46,2022-06-04,0.34
47,2022-06-04,0.29
48,2022-06-04,0.23
49,2022-06-04,0.11
50,2022-06-04,0.09
51,2022-06-04,0.1
52,2022-06-04,0.03
53,2022-06-04,0
54,2022-06-04,-0.14
55,2022-06-04,-0.21
56,2022-06-04,-0.25
57,2022-06-04,-0.34
58,2022-06-04,-0.39
59,2022-06-04,-0.55
60,2022-06-04,-0.64
61,2022-06-04,-0.67
62,2022-06-04,-0.66
63,2022-06-04,-0.68
64,2022-06-04,-0.72
65,2022-06-04,-0.73
66,2022-06-04,-0.75
67,2022-06-04,-0.76
68,2022-06-04,-0.74
69,2022-06-04,-0.7
70,2022-06-04,-0.52
71,2022-06-04,-0.4
72,2022-06-04,-0.32
73,2022-06-04,-0.09
74,2022-06-04,0.02
75,2022-06-04,0.15
76,2022-06-04,0.21
77,2022-06-04,0.25
2,2022-06-05,8.71
3,2022-06-05,8.34
4,2022-06-05,8.02
5,2022-06-05,7.82
6,2022-06-05,7.76
7,2022-06-05,7.68
8,2022-06-05,7.61
9,2022-06-05,7.57
10,2022-06-05,7.51
11,2022-06-05,7.41
12,2022-06-05,7.3
13,2022-06-05,7.21
14,2022-06-05,7.12
15,2022-06-05,7.05
16,2022-06-05,6.99
17,2022-06-05,6.91
18,2022-06-05,6.86
19,2022-06-05,6.8
20,2022-06-05,6.75
21,2022-06-05,6.74
22,2022-06-05,6.75
23,2022-06-05,6.67
24,2022-06-05,6.23
25,2022-06-05,5.64
26,2022-06-05,5.03
27,2022-06-05,4.06
28,2022-06-05,3.46
29,2022-06-05,2.78
30,2022-06-05,2.03
31,2022-06-05,1.79
32,2022-06-05,1.51
33,2022-06-05,1.37
34,2022-06-05,1.26
35,2022-06-05,1.19
36,2022-06-05,1.01
37,2022-06-05,0.88
38,2022-06-05,0.78
39,2022-06-05,0.73
40,2022-06-05,0.68
41,2022-06-05,0.62
42,2022-06-05,0.59
43,2022-06-05,0.56
44,2022-06-05,0.46
45,2022-06-05,0.34
46,2022-06-05,0.23
47,2022-06-05,0.15
48,2022-06-05,0.15
49,2022-06-05,0.1
50,2022-06-05,0.06
51,2022-06-05,0.01
52,2022-06-05,0.03
53,2022-06-05,-0.02
54,2022-06-05,-0.13
55,2022-06-05,-0.15
56,2022-06-05,-0.28
57,2022-06-05,-0.47
58,2022-06-05,-0.49
59,2022-06-05,-0.54
60,2022-06-05,-0.6
61,2022-06-05,-0.66
62,2022-06-05,-0.73
63,2022-06-05,-0.75
64,2022-06-05,-0.78
65,2022-06-05,-0.77
66,2022-06-05,-0.77
67,2022-06-05,-0.76
68,2022-06-05,-0.71
69,2022-06-05,-0.66
70,2022-06-05,-0.56
71,2022-06-05,-0.42
72,2022-06-05,-0.22
73,2022-06-05,-0.04
74,2022-06-05,0.09
75,2022-06-05,0.17
76,2022-06-05,0.2
77,2022-06-05,0.21
2,2022-06-06,8.58
3,2022-06-06,8.45
4,2022-06-06,8.41
5,2022-06-06,8.39
6,2022-06-06,8.35
7,2022-06-06,8.23
8,2022-06-06,8.09
9,2022-06-06,8.02
10,2022-06-06,7.93
11,2022-06-06,7.84
12,2022-06-06,7.73
13,2022-06-06,7.51
14,2022-06-06,7.29
15,2022-06-06,7.2
16,2022-06-06,7.18
17,2022-06-06,7.13
18,2022-06-06,7.07
19,2022-06-06,7.01
20,2022-06-06,6.94
21,2022-06-06,6.89
22,2022-06-06,6.64
23,2022-06-06,5.69
24,2022-06-06,4.99
25,2022-06-06,4.72
26,2022-06-06,4.62
27,2022-06-06,4.42
28,2022-06-06,3.92
29,2022-06-06,3.21
30,2022-06-06,2.83
31,2022-06-06,2.37
32,2022-06-06,2.09
33,2022-06-06,1.86
34,2022-06-06,1.59
35,2022-06-06,1.39
36,2022-06-06,1.28
37,2022-06-06,1.14
38,2022-06-06,0.98
39,2022-06-06,0.86
40,2022-06-06,0.75
41,2022-06-06,0.66
42,2022-06-06,0.68
43,2022-06-06,0.72
44,2022-06-06,0.62
45,2022-06-06,0.5
46,2022-06-06,0.43
47,2022-06-06,0.4
48,2022-06-06,0.34
49,2022-06-06,0.33
50,2022-06-06,0.44
51,2022-06-06,0.39
52,2022-06-06,0.22
53,2022-06-06,0.17
54,2022-06-06,-0.14
55,2022-06-06,-0.46
56,2022-06-06,-0.54
57,2022-06-06,-0.57
58,2022-06-06,-0.59
59,2022-06-06,-0.62
60,2022-06-06,-0.65
61,2022-06-06,-0.66
62,2022-06-06,-0.69
63,2022-06-06,-0.64
64,2022-06-06,-0.65
65,2022-06-06,-0.71
66,2022-06-06,-0.74
67,2022-06-06,-0.79
68,2022-06-06,-0.8
69,2022-06-06,-0.88
70,2022-06-06,-0.92
71,2022-06-06,-0.78
72,2022-06-06,-0.72
73,2022-06-06,-0.53
74,2022-06-06,-0.34
75,2022-06-06,-0.1
76,2022-06-06,0.08
77,2022-06-06,0.15
78,2022-06-06,0.18
2,2022-06-07,8.86
3,2022-06-07,8.92
4,2022-06-07,8.81
5,2022-06-07,8.65
6,2022-06-07,8.56
7,2022-06-07,8.47
8,2022-06-07,8.25
9,2022-06-07,8.11
10,2022-06-07,8.01
11,2022-06-07,7.9
12,2022-06-07,7.8
13,2022-06-07,7.68
14,2022-06-07,7.56
15,2022-06-07,7.47
16,2022-06-07,7.39
17,2022-06-07,7.24
18,2022-06-07,7.13
19,2022-06-07,7.07
20,2022-06-07,7.09
21,2022-06-07,7.11
22,2022-06-07,7.07
23,2022-06-07,6.87
24,2022-06-07,6.26
25,2022-06-07,5.41
26,2022-06-07,4.83
27,2022-06-07,4.53
28,2022-06-07,3.85
29,2022-06-07,3.26
30,2022-06-07,2.73
31,2022-06-07,2.25
32,2022-06-07,1.99
33,2022-06-07,1.81
34,2022-06-07,1.63
35,2022-06-07,1.45
36,2022-06-07,1.34
37,2022-06-07,1.21
38,2022-06-07,1.02
39,2022-06-07,0.9
40,2022-06-07,0.86
41,2022-06-07,0.83
42,2022-06-07,0.74
43,2022-06-07,0.62
44,2022-06-07,0.55
45,2022-06-07,0.61
46,2022-06-07,0.65
47,2022-06-07,0.59
48,2022-06-07,0.56
49,2022-06-07,0.5
50,2022-06-07,0.23
51,2022-06-07,0.16
52,2022-06-07,0.08
53,2022-06-07,0.03
54,2022-06-07,-0.08
55,2022-06-07,-0.18
56,2022-06-07,-0.31
57,2022-06-07,-0.42
58,2022-06-07,-0.5
59,2022-06-07,-0.47
60,2022-06-07,-0.55
61,2022-06-07,-0.61
62,2022-06-07,-0.67
63,2022-06-07,-0.73
64,2022-06-07,-0.77
65,2022-06-07,-0.83
66,2022-06-07,-0.86
67,2022-06-07,-0.91
68,2022-06-07,-0.93
69,2022-06-07,-0.96
70,2022-06-07,-0.93
71,2022-06-07,-0.78
72,2022-06-07,-0.66
73,2022-06-07,-0.56
74,2022-06-07,-0.42
75,2022-06-07,-0.24
76,2022-06-07,-0.08
77,2022-06-07,0.1
78,2022-06-07,0.15
3,2022-06-08,9.03
4,2022-06-08,9.02
5,2022-06-08,9.02
6,2022-06-08,9.03
7,2022-06-08,9.04
8,2022-06-08,9.04
9,2022-06-08,9.05
10,2022-06-08,9.04
11,2022-06-08,9.01
12,2022-06-08,8.75
13,2022-06-08,8.36
14,2022-06-08,7.89
15,2022-06-08,7.41
16,2022-06-08,7.12
17,2022-06-08,6.89
18,2022-06-08,6.84
19,2022-06-08,6.78
20,2022-06-08,6.75
21,2022-06-08,6.72
22,2022-06-08,6.75
23,2022-06-08,6.8
24,2022-06-08,6.75
25,2022-06-08,6.62
26,2022-06-08,6.15
27,2022-06-08,5.45
28,2022-06-08,4.89
29,2022-06-08,4.57
30,2022-06-08,4.13
31,2022-06-08,3.22
32,2022-06-08,2.86
33,2022-06-08,2.39
34,2022-06-08,1.74
35,2022-06-08,1.34
36,2022-06-08,1.22
37,2022-06-08,1.02
38,2022-06-08,0.77
39,2022-06-08,0.79
40,2022-06-08,0.78
41,2022-06-08,0.77
42,2022-06-08,0.65
43,2022-06-08,0.28
44,2022-06-08,0.16
45,2022-06-08,0.17
46,2022-06-08,0.29
47,2022-06-08,0.34
48,2022-06-08,0.23
49,2022-06-08,0.27
50,2022-06-08,-0.01
51,2022-06-08,0.17
52,2022-06-08,0.25
53,2022-06-08,0.19
54,2022-06-08,0.09
55,2022-06-08,-0.03
56,2022-06-08,-0.13
57,2022-06-08,-0.2
58,2022-06-08,-0.22
59,2022-06-08,-0.28
60,2022-06-08,-0.36
61,2022-06-08,-0.4
62,2022-06-08,-0.5
63,2022-06-08,-0.72
64,2022-06-08,-0.75
65,2022-06-08,-0.73
66,2022-06-08,-0.66
67,2022-06-08,-0.63
68,2022-06-08,-0.58
69,2022-06-08,-0.54
70,2022-06-08,-0.5
71,2022-06-08,-0.36
72,2022-06-08,-0.2
73,2022-06-08,0.01
74,2022-06-08,0.13
75,2022-06-08,0.18
76,2022-06-08,0.22
77,2022-06-08,0.23
2,2022-06-11,10.7
3,2022-06-11,10.26
4,2022-06-11,9.93
5,2022-06-11,9.69
6,2022-06-11,9.17
7,2022-06-11,8.46
8,2022-06-11,8.33
9,2022-06-11,8.23
10,2022-06-11,8.11
11,2022-06-11,7.91
12,2022-06-11,7.84
13,2022-06-11,7.65
14,2022-06-11,7.45
15,2022-06-11,6.62
16,2022-06-11,5.83
17,2022-06-11,5.59
18,2022-06-11,5.47
19,2022-06-11,5.41
20,2022-06-11,5.23
21,2022-06-11,4.84
22,2022-06-11,4.33
23,2022-06-11,3.95
24,2022-06-11,3.59
25,2022-06-11,2.88
26,2022-06-11,2.08
27,2022-06-11,1.74
28,2022-06-11,1.29
29,2022-06-11,1.01
30,2022-06-11,0.94
31,2022-06-11,0.92
32,2022-06-11,0.97
33,2022-06-11,0.94
34,2022-06-11,0.74
35,2022-06-11,0.56
36,2022-06-11,0.36
37,2022-06-11,0.3
38,2022-06-11,0.41
39,2022-06-11,0.61
40,2022-06-11,0.6
41,2022-06-11,0.46
42,2022-06-11,0.2
43,2022-06-11,0.14
44,2022-06-11,0.24
45,2022-06-11,0.23
46,2022-06-11,0.18
47,2022-06-11,0.14
48,2022-06-11,-0.06
49,2022-06-11,-0.42
50,2022-06-11,-0.66
51,2022-06-11,-0.68
52,2022-06-11,-0.7
53,2022-06-11,-0.73
54,2022-06-11,-0.72
55,2022-06-11,-0.75
56,2022-06-11,-0.79
57,2022-06-11,-0.83
58,2022-06-11,-0.87
59,2022-06-11,-0.9
60,2022-06-11,-0.93
61,2022-06-11,-0.91
62,2022-06-11,-0.88
63,2022-06-11,-0.8
64,2022-06-11,-0.51
65,2022-06-11,-0.41
66,2022-06-11,-0.33
67,2022-06-11,-0.2
68,2022-06-11,0.04
69,2022-06-11,0.28
70,2022-06-11,0.3
71,2022-06-11,0.31
72,2022-06-11,0.31
73,2022-06-11,0.31
74,2022-06-11,0.31
75,2022-06-11,0.31
76,2022-06-11,0.31
77,2022-06-11,0.32
78,2022-06-11,0.32
2,2022-06-12,11.33
3,2022-06-12,11.14
4,2022-06-12,10.96
5,2022-06-12,10.52
6,2022-06-12,10.18
7,2022-06-12,9.87
8,2022-06-12,9.4
9,2022-06-12,8.94
10,2022-06-12,8.65
11,2022-06-12,8.25
12,2022-06-12,8.11
13,2022-06-12,8.04
14,2022-06-12,7.84
15,2022-06-12,7.6
16,2022-06-12,7.38
17,2022-06-12,7.17
18,2022-06-12,6.74
19,2022-06-12,6.08
20,2022-06-12,5.7
21,2022-06-12,5.32
22,2022-06-12,4.85
23,2022-06-12,4.28
24,2022-06-12,3.53
25,2022-06-12,3.03
26,2022-06-12,2.44
27,2022-06-12,1.96
28,2022-06-12,1.73
29,2022-06-12,1.58
30,2022-06-12,1.52
31,2022-06-12,1.36
32,2022-06-12,1.13
33,2022-06-12,0.98
34,2022-06-12,0.88
35,2022-06-12,0.8
36,2022-06-12,0.75
37,2022-06-12,0.72
38,2022-06-12,0.68
39,2022-06-12,0.62
40,2022-06-12,0.51
41,2022-06-12,0.48
42,2022-06-12,0.43
43,2022-06-12,0.3
44,2022-06-12,0.18
45,2022-06-12,0.18
46,2022-06-12,0.2
47,2022-06-12,0.17
48,2022-06-12,0.14
49,2022-06-12,0.08
50,2022-06-12,-0.02
51,2022-06-12,-0.08
52,2022-06-12,-0.12
53,2022-06-12,-0.14
54,2022-06-12,-0.16
55,2022-06-12,-0.22
56,2022-06-12,-0.31
57,2022-06-12,-0.37
58,2022-06-12,-0.44
59,2022-06-12,-0.54
60,2022-06-12,-0.61
61,2022-06-12,-0.66
62,2022-06-12,-0.67
63,2022-06-12,-0.67
64,2022-06-12,-0.65
65,2022-06-12,-0.55
66,2022-06-12,-0.5
67,2022-06-12,-0.38
68,2022-06-12,-0.23
69,2022-06-12,-0.06
70,2022-06-12,0.08
71,2022-06-12,0.17
72,2022-06-12,0.28
73,2022-06-12,0.3
74,2022-06-12,0.31
75,2022-06-12,0.31
76,2022-06-12,0.31
77,2022-06-12,0.31
78,2022-06-12,0.31
2,2022-06-13,11.82
3,2022-06-13,11.58
4,2022-06-13,11.21
5,2022-06-13,10.65
6,2022-06-13,9.92
7,2022-06-13,9.07
8,2022-06-13,8.58
9,2022-06-13,8.02
10,2022-06-13,7.69
11,2022-06-13,7.56
12,2022-06-13,7.51
13,2022-06-13,7.49
14,2022-06-13,7.49
15,2022-06-13,7.38
16,2022-06-13,6.94
17,2022-06-13,6.1
18,2022-06-13,5.47
19,2022-06-13,4.72
20,2022-06-13,4.17
21,2022-06-13,3.46
22,2022-06-13,3.05
23,2022-06-13,2.65
24,2022-06-13,2.39
25,2022-06-13,2.14
26,2022-06-13,1.89
27,2022-06-13,1.7
28,2022-06-13,1.55
29,2022-06-13,1.46
30,2022-06-13,1.32
31,2022-06-13,1.2
32,2022-06-13,1.06
33,2022-06-13,0.97
34,2022-06-13,0.92
35,2022-06-13,0.89
36,2022-06-13,0.86
37,2022-06-13,0.82
38,2022-06-13,0.78
39,2022-06-13,0.73
40,2022-06-13,0.68
41,2022-06-13,0.57
42,2022-06-13,0.38
43,2022-06-13,0.35
44,2022-06-13,0.29
45,2022-06-13,0.2
46,2022-06-13,0.14
47,2022-06-13,0.13
48,2022-06-13,0.12
49,2022-06-13,0.12
50,2022-06-13,0.1
51,2022-06-13,0.09
52,2022-06-13,-0.04
53,2022-06-13,-0.14
54,2022-06-13,-0.19
55,2022-06-13,-0.21
56,2022-06-13,-0.17
57,2022-06-13,-0.28
58,2022-06-13,-0.4
59,2022-06-13,-0.53
60,2022-06-13,-0.68
61,2022-06-13,-0.77
62,2022-06-13,-0.81
63,2022-06-13,-0.82
64,2022-06-13,-0.77
65,2022-06-13,-0.75
66,2022-06-13,-0.64
67,2022-06-13,-0.54
68,2022-06-13,-0.48
69,2022-06-13,-0.22
70,2022-06-13,0.01
71,2022-06-13,0.16
72,2022-06-13,0.27
73,2022-06-13,0.29
74,2022-06-13,0.29
75,2022-06-13,0.29
76,2022-06-13,0.29
77,2022-06-13,0.29
78,2022-06-13,0.3
2,2022-06-14,11.86
3,2022-06-14,11.27
4,2022-06-14,10.95
5,2022-06-14,10.67
6,2022-06-14,10.36
7,2022-06-14,9.28
8,2022-06-14,7.75
9,2022-06-14,7.37
10,2022-06-14,6.95
11,2022-06-14,7.42
12,2022-06-14,7.81
13,2022-06-14,7.77
14,2022-06-14,7.74
15,2022-06-14,7.63
16,2022-06-14,7.28
17,2022-06-14,6.37
18,2022-06-14,5.16
19,2022-06-14,4.64
20,2022-06-14,3.76
21,2022-06-14,2.86
22,2022-06-14,2.58
23,2022-06-14,2.3
24,2022-06-14,2.14
25,2022-06-14,1.95
26,2022-06-14,1.48
27,2022-06-14,1.31
28,2022-06-14,1.29
29,2022-06-14,1.22
30,2022-06-14,1.2
31,2022-06-14,1.2
32,2022-06-14,1.24
33,2022-06-14,1.09
34,2022-06-14,0.82
35,2022-06-14,0.71
36,2022-06-14,0.68
37,2022-06-14,0.73
38,2022-06-14,0.82
39,2022-06-14,0.8
40,2022-06-14,0.71
41,2022-06-14,0.7
42,2022-06-14,0.7
43,2022-06-14,0.68
44,2022-06-14,0.54
45,2022-06-14,0.25
46,2022-06-14,0.22
47,2022-06-14,0.17
48,2022-06-14,0.12
49,2022-06-14,0.06
50,2022-06-14,0.01
51,2022-06-14,-0.07
52,2022-06-14,-0.04
53,2022-06-14,-0.07
54,2022-06-14,-0.17
55,2022-06-14,-0.18
56,2022-06-14,-0.25
57,2022-06-14,-0.24
58,2022-06-14,-0.17
59,2022-06-14,0.08
60,2022-06-14,0.22
61,2022-06-14,-0.07
62,2022-06-14,-0.32
63,2022-06-14,-0.56
64,2022-06-14,-0.76
65,2022-06-14,-0.92
66,2022-06-14,-0.95
67,2022-06-14,-0.55
68,2022-06-14,-0.28
69,2022-06-14,-0.06
70,2022-06-14,0.14
71,2022-06-14,0.18
72,2022-06-14,0.19
73,2022-06-14,0.21
74,2022-06-14,0.22
75,2022-06-14,0.23
76,2022-06-14,0.24
77,2022-06-14,0.24
2,2022-06-15,11.96
3,2022-06-15,11.72
4,2022-06-15,11.6
5,2022-06-15,11.49
6,2022-06-15,11.4
7,2022-06-15,11.3
8,2022-06-15,10.77
9,2022-06-15,9.9
10,2022-06-15,8.97
11,2022-06-15,8.22
12,2022-06-15,8.12
13,2022-06-15,8.05
14,2022-06-15,7.91
15,2022-06-15,7.52
16,2022-06-15,6.59
17,2022-06-15,5.89
18,2022-06-15,5.08
19,2022-06-15,4.37
20,2022-06-15,3.84
21,2022-06-15,3.2
22,2022-06-15,2.7
23,2022-06-15,2.3
24,2022-06-15,1.94
25,2022-06-15,1.57
26,2022-06-15,1.44
27,2022-06-15,1.34
28,2022-06-15,1.3
29,2022-06-15,1.17
30,2022-06-15,1.09
31,2022-06-15,1.03
32,2022-06-15,0.95
33,2022-06-15,0.89
34,2022-06-15,0.84
35,2022-06-15,0.77
36,2022-06-15,0.7
37,2022-06-15,0.7
38,2022-06-15,0.68
39,2022-06-15,0.61
40,2022-06-15,0.54
41,2022-06-15,0.52
42,2022-06-15,0.62
43,2022-06-15,0.63
44,2022-06-15,0.4
45,2022-06-15,0.41
46,2022-06-15,0.5
47,2022-06-15,0.77
48,2022-06-15,0.74
49,2022-06-15,0.73
50,2022-06-15,0.72
51,2022-06-15,0.67
52,2022-06-15,0.65
53,2022-06-15,0.46
54,2022-06-15,0.37
55,2022-06-15,0.32
56,2022-06-15,0.32
57,2022-06-15,0.04
58,2022-06-15,-0.13
59,2022-06-15,-0.21
60,2022-06-15,-0.31
61,2022-06-15,-0.43
62,2022-06-15,-0.58
63,2022-06-15,-0.63
64,2022-06-15,-0.59
65,2022-06-15,-0.55
66,2022-06-15,-0.49
67,2022-06-15,-0.46
68,2022-06-15,-0.52
69,2022-06-15,-0.46
70,2022-06-15,-0.25
71,2022-06-15,-0.07
72,2022-06-15,0.05
73,2022-06-15,0.13
74,2022-06-15,0.2
75,2022-06-15,0.23
76,2022-06-15,0.23
77,2022-06-15,0.23
78,2022-06-15,0.23
79,2022-06-15,0.22
3,2022-06-16,12.06
4,2022-06-16,11.87
5,2022-06-16,11.83
6,2022-06-16,11.52
7,2022-06-16,10.73
8,2022-06-16,9.79
9,2022-06-16,8.06
10,2022-06-16,7.71
11,2022-06-16,7.17
12,2022-06-16,7.08
13,2022-06-16,6.79
14,2022-06-16,6.54
15,2022-06-16,6.24
16,2022-06-16,5.63
17,2022-06-16,5.23
18,2022-06-16,4.65
19,2022-06-16,3.84
20,2022-06-16,2.97
21,2022-06-16,2.1
22,2022-06-16,1.69
23,2022-06-16,1.56
24,2022-06-16,1.43
25,2022-06-16,1.39
26,2022-06-16,1.37
27,2022-06-16,1.22
28,2022-06-16,1.13
29,2022-06-16,0.97
30,2022-06-16,0.87
31,2022-06-16,0.83
32,2022-06-16,0.76
33,2022-06-16,0.72
34,2022-06-16,0.7
35,2022-06-16,0.69
36,2022-06-16,0.63
37,2022-06-16,0.62
38,2022-06-16,0.76
39,2022-06-16,0.54
40,2022-06-16,0.51
41,2022-06-16,0.45
42,2022-06-16,0.36
43,2022-06-16,0.15
44,2022-06-16,0.16
45,2022-06-16,0.37
46,2022-06-16,0.46
47,2022-06-16,0.55
48,2022-06-16,0.65
49,2022-06-16,0.69
50,2022-06-16,0.76
51,2022-06-16,0.73
52,2022-06-16,0.6
53,2022-06-16,0.31
54,2022-06-16,-0.06
55,2022-06-16,0.28
56,2022-06-16,0.27
57,2022-06-16,0.03
58,2022-06-16,-0.18
59,2022-06-16,-0.39
60,2022-06-16,-0.51
61,2022-06-16,-0.58
62,2022-06-16,-0.6
63,2022-06-16,-0.58
64,2022-06-16,-0.58
65,2022-06-16,-0.57
66,2022-06-16,-0.58
67,2022-06-16,-0.57
68,2022-06-16,-0.55
69,2022-06-16,-0.47
70,2022-06-16,-0.32
71,2022-06-16,0.04
72,2022-06-16,0.14
73,2022-06-16,0.22
74,2022-06-16,0.22
75,2022-06-16,0.23
76,2022-06-16,0.23
77,2022-06-16,0.23
78,2022-06-16,0.23
3,2022-06-23,11.57
4,2022-06-23,11.56
5,2022-06-23,11.56
6,2022-06-23,11.56
7,2022-06-23,11.54
8,2022-06-23,11.54
9,2022-06-23,11.54
10,2022-06-23,11.52
11,2022-06-23,11.51
12,2022-06-23,11.5
13,2022-06-23,11.3
14,2022-06-23,10.78
15,2022-06-23,10.69
16,2022-06-23,10.6
17,2022-06-23,10.11
18,2022-06-23,9.68
19,2022-06-23,9.07
20,2022-06-23,7.92
21,2022-06-23,6.74
22,2022-06-23,6.6
23,2022-06-23,6.37
24,2022-06-23,5.93
25,2022-06-23,5.72
26,2022-06-23,4.86
27,2022-06-23,4.2
28,2022-06-23,3.42
29,2022-06-23,3.37
30,2022-06-23,2.79
31,2022-06-23,2.41
32,2022-06-23,2.23
33,2022-06-23,1.94
34,2022-06-23,1.97
35,2022-06-23,1.45
36,2022-06-23,1.31
37,2022-06-23,1.25
38,2022-06-23,1.11
39,2022-06-23,1.03
40,2022-06-23,1.05
41,2022-06-23,0.93
42,2022-06-23,0.93
43,2022-06-23,0.95
44,2022-06-23,0.99
45,2022-06-23,0.62
46,2022-06-23,0.51
47,2022-06-23,0.41
48,2022-06-23,0.39
49,2022-06-23,0.41
50,2022-06-23,0.4
51,2022-06-23,0.35
52,2022-06-23,0.26
53,2022-06-23,0.21
54,2022-06-23,0.25
55,2022-06-23,0.15
56,2022-06-23,-0.05
57,2022-06-23,-0.13
58,2022-06-23,-0.18
59,2022-06-23,-0.18
60,2022-06-23,-0.31
61,2022-06-23,-0.4
62,2022-06-23,-0.44
63,2022-06-23,-0.51
64,2022-06-23,-0.61
65,2022-06-23,-0.62
66,2022-06-23,-0.6
67,2022-06-23,-0.59
68,2022-06-23,-0.59
71,2022-06-23,-0.55
72,2022-06-23,-0.51
73,2022-06-23,-0.39
74,2022-06-23,-0.27
75,2022-06-23,-0.15
76,2022-06-23,-0.1
77,2022-06-23,-0.09
78,2022-06-23,-0.09
79,2022-06-23,-0.08
